66,Divi Engine String Bag (Big Logo),19.99
70,Divi Engine String Bag (Small Logos),19.99
74,Brand Buttons,9.99
75,Brand Buttons - Divi,9.99
76,Brand Buttons - Divi Engine,9.99
77,Brand Buttons - WooCommerce,9.99
78,Brand Buttons - WordPress,9.99
83,Lanyard,9.99
89,Divi Engine Tee,14.99
93,Divi Engine Tee - Blue Large,14.99
94,Divi Engine Tee - White Large,14.99
95,Divi Engine Tee - Yellow Large,14.99
96,Divi Engine Tee - Blue Medium,14.99
97,Divi Engine Tee - White Medium,14.99
98,Divi Engine Tee - Yellow Medium,14.99
99,Divi Engine Tee - Blue Small,14.99
100,Divi Engine Tee - White Small,14.99
101,"Divi Engine Tee - Yellow Small,14.99
105,Divi Tee,88.99
106,Divi Tee - Large,14.99
107,Divi Tee - Medium,14.99
108,Divi Tee - Small,14.99
111,WordPress Tee,100.99
112,WordPress Tee - Large,14.99
113,WordPress Tee - Medium,14.99
114,WordPress Tee - Small,14.99
117,Mens Divi Hoodie,14.99
119,Mens Divi Hoodie - Large,39.99
120,Mens Divi Hoodie - Medium,34.99
121,Mens Divi Hoodie - Small,34.99
122,Dat Divi Engine Life Hoodie - Limited Edition,34.99
123,Dat Divi Engine Life Hoodie - Limited Edition - Large,44.99
124,Dat Divi Engine Life Hoodie - Limited Edition - Medium,44.99
125,Dat Divi Engine Life Hoodie - Limited Edition - Small,44.99
127,Mens WordPress Hoodie,34.99
128,Mens WordPress Hoodie - Large,34.99
129,Mens WordPress Hoodie - Medium,34.99
130,Mens WordPress Hoodie - Small,34.99
132,Divi Engine Logo Zipper Hoodie,34.99
133,Divi Engine Logo Zipper Hoodie - Large,29.99
134,Divi Engine Logo Zipper Hoodie - Medium,29.99
135,Divi Engine Logo Zipper Hoodie - Small,29.99
137,Purple Divi Engine Text Zipper Hoodie,29.99
138,Purple Divi Engine Text Zipper Hoodie - Large,29.99
139,Purple Divi Engine Text Zipper Hoodie - Medium,29.99
140,Purple Divi Engine Text Zipper Hoodie - Small,29.99
142,WooCommerce Gimme the Money Zipper Hoodie,29.99
143,WooCommerce Gimme the Money Zipper Hoodie - Large,29.99
144,WooCommerce Gimme the Money Zipper Hoodie - Medium,29.99
145,WooCommerce Gimme the Money Zipper Hoodie - Small,29.99
147,Divi Ninja Tee,29.99
148,Divi Ninja Tee - Large,12.99
149,Divi Ninja Tee - Medium,12.99
150,Divi Ninja Tee - Small,12.99
151,Divi Simplified Crop-top,12.99
155,Dat Divi Engine Life Crop-top (3-Tone),12.99
156,Dat Divi Engine Life Crop-top (3-Tone) - Large,14.99
157,Dat Divi Engine Life Crop-top (3-Tone) - Medium,12.99
158,Dat Divi Engine Life Crop-top (3-Tone) - Small,12.99
163,Divi Simplified Crop-top - Large Blue,12.99
164,Divi Simplified Crop-top - Large White,12.99
165,Divi Simplified Crop-top - Large Yellow,12.99
166,Divi Simplified Crop-top - Medium Blue,12.99
167,Divi Simplified Crop-top - Medium White,12.99
168,Divi Simplified Crop-top - Medium Yellow,12.99
169,Divi Simplified Crop-top - Small Blue,12.99
170,Divi Simplified Crop-top - Small White,12.99
171,Divi Simplified Crop-top - Small Yellow,12.99
